{"cameraMode":{"drawMode":0,"name":"Shaded","section":"Shading Mode"},"sceneLighting":true,"audioPlay":false,"sceneViewState":{"showFog":true,"showMaterialUpdate":false,"showSkybox":true,"showFlares":true,"showImageEffects":true,"showParticleSystems":true},"in2DMode":false,"pivot":{"x":0.02064990997314453,"y":0.6387002468109131,"z":2.7831499576568605},"rotation":{"x":-0.05604385584592819,"y":0.17904803156852723,"z":-0.010242079384624958,"w":-0.9822255969047546},"size":12.434526443481446,"orthographic":false}