{"cameraMode":{"drawMode":0,"name":"Shaded","section":"Shading Mode"},"sceneLighting":false,"audioPlay":false,"sceneViewState":{"showFog":true,"showMaterialUpdate":false,"showSkybox":false,"showFlares":true,"showImageEffects":true,"showParticleSystems":true},"in2DMode":false,"pivot":{"x":6.836481094360352,"y":-14.80423355102539,"z":78.43359375},"rotation":{"x":-0.1693585366010666,"y":0.11267952620983124,"z":-0.019528843462467195,"w":-0.978945255279541},"size":56.34259033203125,"orthographic":false}