{"cameraMode":{"drawMode":0,"name":"Shaded","section":"Shading Mode"},"sceneLighting":false,"audioPlay":false,"sceneViewState":{"showFog":true,"showMaterialUpdate":false,"showSkybox":false,"showFlares":true,"showImageEffects":true,"showParticleSystems":true},"in2DMode":false,"pivot":{"x":-2.3089988231658937,"y":0.5945873856544495,"z":1.6064398288726807},"rotation":{"x":-0.02367626130580902,"y":-0.9645635485649109,"z":0.09288346767425537,"w":-0.24588464200496674},"size":2.5091869831085207,"orthographic":false}